{
  "EX_ade_e": {
    "biom": 0.2898373954069873,
    "ten.mmol.glc.max.equiv": 0.329530219096944
  },
  "EX_dca_e": {
    "biom": 1.4048484405345227,
    "ten.mmol.glc.max.equiv": 1.5972404587658016
  },
  "EX_g3pg_e": {
    "biom": 1.0572791793418022,
    "ten.mmol.glc.max.equiv": 1.2020720760546209
  },
  "EX_gua_e": {
    "biom": 0.23413666805207026,
    "ten.mmol.glc.max.equiv": 0.26620135546514484
  },
  "EX_mal__L_e": {
    "biom": 0.4118965086997739,
    "ten.mmol.glc.max.equiv": 0.46830515629809794
  },
  "EX_melib_e": {
    "biom": 1.7755430815758506,
    "ten.mmol.glc.max.equiv": 2.018701209573621
  },
  "EX_gln__L_e": {
    "biom": 0.6175057353605377,
    "ten.mmol.glc.max.equiv": 0.7020722773927878
  },
  "EX_glc__D_e": {
    "biom": 0.8795472421353995,
    "ten.mmol.glc.max.equiv": 1.000000000000013
  },
  "EX_imp_e": {
    "biom": 1.0973757733485388,
    "ten.mmol.glc.max.equiv": 1.2476598422209828
  },
  "EX_butso3_e": {
    "biom": 0.2569555867665337,
    "ten.mmol.glc.max.equiv": 0.2921452930063087
  },
  "EX_minohp_e": {
    "biom": 0.6963810317860242,
    "ten.mmol.glc.max.equiv": 0.7917494347379589
  },
  "EX_3amp_e": {
    "biom": 1.1086504514376792,
    "ten.mmol.glc.max.equiv": 1.260478571618357
  },
  "EX_pser__L_e": {
    "biom": 0.3181353728909578,
    "ten.mmol.glc.max.equiv": 0.36170356480065846
  },
  "EX_ac_e": {
    "biom": 0.21026594225884473,
    "ten.mmol.glc.max.equiv": 0.23906156734498482
  },
  "EX_akg_e": {
    "biom": 0.5483635458494773,
    "ten.mmol.glc.max.equiv": 0.6234611622658788
  },
  "EX_dtmp_e": {
    "biom": 0.7923059056852583,
    "ten.mmol.glc.max.equiv": 0.9008110852143394
  },
  "EX_fru_e": {
    "biom": 0.8795472421353556,
    "ten.mmol.glc.max.equiv": 0.9999999999999631
  },
  "EX_ump_e": {
    "biom": 0.7698005668403523,
    "ten.mmol.glc.max.equiv": 0.8752236718648677
  },
  "EX_xtsn_e": {
    "biom": 1.0259867310260893,
    "ten.mmol.glc.max.equiv": 1.1664941709500123
  },
  "EX_gthrd_e": {
    "biom": 1.1785273544601096,
    "ten.mmol.glc.max.equiv": 1.3399250182387585
  },
  "EX_ala__D_e": {
    "biom": 0.3803228689599407,
    "ten.mmol.glc.max.equiv": 0.4324075509992878
  },
  "EX_glyc_e": {
    "biom": 0.4960084719955,
    "ten.mmol.glc.max.equiv": 0.5639361346768339
  },
  "EX_octa_e": {
    "biom": 1.0991651581122817,
    "ten.mmol.glc.max.equiv": 1.24969428071163
  },
  "EX_but_e": {
    "biom": 0.5235198205820152,
    "ten.mmol.glc.max.equiv": 0.5952151237618573
  },
  "EX_23cgmp_e": {
    "biom": 1.0409398672226293,
    "ten.mmol.glc.max.equiv": 1.183495118119418
  },
  "EX_LalaDgluMdap_e": {
    "biom": 1.057410915994365,
    "ten.mmol.glc.max.equiv": 1.202221853856485
  },
  "EX_ocdca_e": {
    "biom": 2.6275815702236813,
    "ten.mmol.glc.max.equiv": 2.9874251709827084
  },
  "EX_cys__L_e": {
    "biom": 0.2895692093566124,
    "ten.mmol.glc.max.equiv": 0.3292253053441321
  },
  "EX_tartr__L_e": {
    "biom": 0.3436629901249473,
    "ten.mmol.glc.max.equiv": 0.3907271533142361
  },
  "EX_galt_e": {
    "biom": 0.937874276029762,
    "ten.mmol.glc.max.equiv": 1.0663148391583448
  },
  "EX_glyc2p_e": {
    "biom": 0.49600847199545584,
    "ten.mmol.glc.max.equiv": 0.5639361346767836
  },
  "EX_progly_e": {
    "biom": 0.911346918234339,
    "ten.mmol.glc.max.equiv": 1.0361545970194244
  },
  "EX_udpglcur_e": {
    "biom": 1.5179620029148018,
    "ten.mmol.glc.max.equiv": 1.7258447644375003
  },
  "EX_xan_e": {
    "biom": 0.22364188417160605,
    "ten.mmol.glc.max.equiv": 0.25426932569152555
  },
  "EX_thr__L_e": {
    "biom": 0.526874981568312,
    "ten.mmol.glc.max.equiv": 0.5990297693267175
  },
  "EX_LalaDgluMdapDala_e": {
    "biom": 1.4969742824191519,
    "ten.mmol.glc.max.equiv": 1.701982805135922
  },
  "EX_dxylnt_e": {
    "biom": 0.6004139728052701,
    "ten.mmol.glc.max.equiv": 0.682639821992471
  },
  "EX_idon__L_e": {
    "biom": 0.7992236817113147,
    "ten.mmol.glc.max.equiv": 0.9086762409383927
  },
  "EX_metglcur_e": {
    "biom": 0.7060187232134331,
    "ten.mmol.glc.max.equiv": 0.8027069944524436
  },
  "EX_cytd_e": {
    "biom": 0.7803229873485792,
    "ten.mmol.glc.max.equiv": 0.8871871230635553
  },
  "EX_cit_e": {
    "biom": 0.6360923554457085,
    "ten.mmol.glc.max.equiv": 0.7232043089594445
  },
  "EX_asn__L_e": {
    "biom": 0.4125558750347579,
    "ten.mmol.glc.max.equiv": 0.46905482192536224
  },
  "EX_acgam1p_e": {
    "biom": 1.134504526329594,
    "ten.mmol.glc.max.equiv": 1.2898733257070012
  },
  "EX_all__D_e": {
    "biom": 0.8418211015273477,
    "ten.mmol.glc.max.equiv": 0.9571073174916133
  },
  "EX_sbt__D_e": {
    "biom": 0.9455679881994311,
    "ten.mmol.glc.max.equiv": 1.0750621943896455
  },
  "EX_maltpt_e": {
    "biom": 4.538982881113381,
    "ten.mmol.glc.max.equiv": 5.16059020331133
  },
  "EX_ppal_e": {
    "biom": 0.44645611823253706,
    "ten.mmol.glc.max.equiv": 0.5075976557536797
  },
  "EX_5dglcn_e": {
    "biom": 0.7314841135833424,
    "ten.mmol.glc.max.equiv": 0.8316598342204177
  },
  "EX_frulys_e": {
    "biom": 0.8944395312013469,
    "ten.mmol.glc.max.equiv": 1.0169317671098632
  },
  "EX_cgly_e": {
    "biom": 0.510354080814467,
    "ten.mmol.glc.max.equiv": 0.5802463544487001
  },
  "EX_anhgm_e": {
    "biom": 2.709995611158258,
    "ten.mmol.glc.max.equiv": 3.0811256989207982
  },
  "EX_acmana_e": {
    "biom": 1.134504526329594,
    "ten.mmol.glc.max.equiv": 1.2898733257070012
  },
  "EX_galur_e": {
    "biom": 0.7060187232134636,
    "ten.mmol.glc.max.equiv": 0.8027069944524784
  },
  "EX_damp_e": {
    "biom": 1.1499883845102932,
    "ten.mmol.glc.max.equiv": 1.3074776764899187
  },
  "EX_dimp_e": {
    "biom": 1.138692882563956,
    "ten.mmol.glc.max.equiv": 1.29463527143739
  },
  "EX_hdcea_e": {
    "biom": 2.3578610269098337,
    "ten.mmol.glc.max.equiv": 2.680766778581849
  },
  "EX_galctn__D_e": {
    "biom": 0.7721330632535304,
    "ten.mmol.glc.max.equiv": 0.8778756003815387
  },
  "EX_pacald_e": {
    "biom": 1.0844840489375496,
    "ten.mmol.glc.max.equiv": 1.2330026142821056
  },
  "EX_arg__L_e": {
    "biom": 0.7285800441625182,
    "ten.mmol.glc.max.equiv": 0.8283580565765317
  },
  "EX_chol_e": {
    "biom": 0.06156953259819261,
    "ten.mmol.glc.max.equiv": 0.07000139349958334
  },
  "EX_f6p_e": {
    "biom": 0.9078418475914015,
    "ten.mmol.glc.max.equiv": 1.032169511881271
  },
  "EX_fruur_e": {
    "biom": 0.7060187232134528,
    "ten.mmol.glc.max.equiv": 0.8027069944524662
  },
  "EX_g3pi_e": {
    "biom": 1.25536713458141,
    "ten.mmol.glc.max.equiv": 1.427287898184521
  },
  "EX_ascb__L_e": {
    "biom": 0.7286426797027536,
    "ten.mmol.glc.max.equiv": 0.8284292699659153
  },
  "EX_ttdca_e": {
    "biom": 2.0162150053793226,
    "ten.mmol.glc.max.equiv": 2.2923328148745057
  },
  "EX_dcmp_e": {
    "biom": 0.8229357128118245,
    "ten.mmol.glc.max.equiv": 0.935635601350849
  },
  "EX_LalaDglu_e": {
    "biom": 1.0454934668947664,
    "ten.mmol.glc.max.equiv": 1.1886723268627275
  },
  "EX_peamn_e": {
    "biom": 1.0844840489375496,
    "ten.mmol.glc.max.equiv": 1.2330026142821056
  },
  "EX_alaala_e": {
    "biom": 0.8054651857126337,
    "ten.mmol.glc.max.equiv": 0.9157725101349917
  },
  "EX_g3ps_e": {
    "biom": 0.8851230070372923,
    "ten.mmol.glc.max.equiv": 1.0063393580637776
  },
  "EX_acac_e": {
    "biom": 0.48424654638835607,
    "ten.mmol.glc.max.equiv": 0.550563429899103
  },
  "EX_uri_e": {
    "biom": 0.7698005668407468,
    "ten.mmol.glc.max.equiv": 0.8752236718653164
  },
  "EX_3hcinnm_e": {
    "biom": 1.0259981758733805,
    "ten.mmol.glc.max.equiv": 1.1665071831530447
  },
  "EX_glyc3p_e": {
    "biom": 0.5325402775182753,
    "ten.mmol.glc.max.equiv": 0.6054709195896743
  },
  "EX_23ccmp_e": {
    "biom": 0.7803229873485941,
    "ten.mmol.glc.max.equiv": 0.8871871230635722
  },
  "EX_lac__L_e": {
    "biom": 0.35108284705384674,
    "ten.mmol.glc.max.equiv": 0.3991631492146784
  },
  "EX_lcts_e": {
    "biom": 1.7755430815758457,